{
  "rouge1": 0.3472733657574721,
  "rouge2": 0.16244988930772591,
  "rougeL": 0.3471359976408367,
  "rougeLsum": 0.3472674180065066
}