{
    "rouge1": 0.35023609365961883,
    "rouge2": 0.16444350776270694,
    "rougeL": 0.35002452111700155,
    "rougeLsum": 0.3499686763654113
  }